{
    "vertices":[1.12334,0.345163,-1.48081,1.12334,0.345164,1.60335,-0.844002,1.02848,-1.43592,1.12334,1.03198,-1.48081,1.12334,1.03198,1.60335,-0.876657,1.02848,1.55846,-0.876657,1.02848,-1.43592,1.12334,1.46233,0.0612711,-0.876657,1.03005,0.06127,1.16757,1.02564,-1.54902,1.16757,1.02564,1.67156,-0.920887,1.02564,1.67156,-0.920887,1.02564,-1.54902,1.16757,1.47502,0.0612711,-0.920887,1.47502,0.06127,1.16757,1.47502,0.0612711,1.16757,1.02564,1.67156,1.16757,1.02564,-1.54902,-0.920887,1.02564,-1.54902,-0.920887,1.02564,1.67156,-0.920887,1.47502,0.06127,1.16757,1.51083,0.0612711,1.16757,1.06145,1.67156,1.16757,1.06145,-1.54902,-0.920887,1.06145,-1.54902,-0.920887,1.06145,1.67156,-0.920887,1.51083,0.06127,-0.876657,0.345164,1.60335,-0.876657,0.345163,-1.48081,-0.876657,1.03198,1.60335,-0.876657,1.03198,-1.48081,-0.876657,1.46233,0.06127,-0.876657,0.345164,1.55831,-0.876657,0.345163,-1.43574,-0.844003,1.02848,1.55846,-0.844002,0.345164,1.55831,-0.844002,0.345163,-1.43574],
    "faces":[32,28,0,1,0,0,0,32,1,27,32,1,1,1,32,33,28,1,2,2,2,32,1,32,33,3,3,3,33,7,31,29,4,4,4,4,4,32,1,0,3,5,5,5,32,3,7,4,6,6,6,32,3,4,1,7,7,7,33,1,4,29,27,8,8,8,8,33,3,0,28,30,9,9,9,9,33,3,30,31,7,10,10,10,10,33,13,10,11,14,11,11,11,11,33,9,13,14,12,12,12,12,12,33,19,16,22,25,13,13,13,13,33,15,17,23,21,14,14,14,14,33,13,9,17,15,15,15,15,15,33,11,10,16,19,15,15,15,15,33,10,13,15,16,15,15,15,15,33,14,11,19,20,15,15,15,15,33,12,14,20,18,15,15,15,15,33,9,12,18,17,15,15,15,15,33,21,26,25,22,16,16,16,16,33,23,24,26,21,17,17,17,17,33,16,15,21,22,14,14,14,14,33,20,19,25,26,18,18,18,18,33,18,20,26,24,18,18,18,18,33,17,18,24,23,19,19,19,19,33,33,6,30,28,20,20,20,20,33,6,8,31,30,21,21,21,21,33,8,5,29,31,22,22,22,22,33,5,32,27,29,23,23,23,23,33,33,32,35,36,24,24,24,24,33,32,5,34,35,25,25,25,25,33,6,33,36,2,26,26,26,26,32,34,5,8,27,27,27,32,8,6,2,28,28,28,32,8,2,34,29,29,29],
    "normals":[-1.3823e-14,-1,3.8652e-08,0,-1,0,5.96047e-08,-1,0,-8.96667e-10,-1,3.98153e-08,-1.7684e-07,0.963197,0.268798,1,-6.94267e-07,2.68348e-14,1,1.38504e-07,3.47868e-07,1,8.67833e-07,3.47868e-07,-4.47035e-07,-4.33917e-07,1,3.8743e-07,9.54617e-07,-1,1.30303e-07,0.963197,-0.268798,1.62177e-07,-0.963197,-0.268798,-1.45106e-07,-0.963197,0.268798,-6.8496e-07,0,1,1,0,3.70149e-07,0,0,0,-1.62177e-07,0.963197,0.268798,1.45106e-07,0.963197,-0.268798,-1,0,-1.48059e-07,5.1372e-07,0,-1,-1,-4.35027e-07,-1.69248e-08,-1,-1.19469e-08,-1.15971e-07,-1,1.59292e-08,-1.54628e-07,-1,-3.48022e-07,1.35436e-08,0,1,-3.98153e-08,0,0.000216674,-1,0,0.000257322,1,0,-0.999999,-0.00104384,0,-0.999999,0.00104392,-0.0478065,-0.998857,3.31042e-08],
    "metadata":{
        "version":3,
        "generator":"io_three",
        "uvs":0,
        "faces":37,
        "type":"Geometry",
        "normals":30,
        "vertices":37
    },
    "uvs":[]
}